,images/img2000.jpg,0.035567,no,no
,images/img2020.jpg,0.070874,no,no
,images/img2040.jpg,0.046066,no,no
,images/img2060.jpg,0.082292,no,no
,images/img2080.jpg,0.058306,no,no
,images/img2100.jpg,0.058717,no,no
,images/img2120.jpg,0.046176,no,no
,images/img2140.jpg,0.020244,no,no
,images/img2160.jpg,0.023136,no,no
,images/img2180.jpg,0.077728,no,no
,images/img2200.jpg,0.089076,no,no
,images/img2220.jpg,0.069189,no,no
,images/img2240.jpg,0.072862,no,no
,images/img2260.jpg,0.061499,no,no
,images/img2280.jpg,0.038980,no,no
,images/img2300.jpg,0.037569,no,no
,images/img2320.jpg,0.036541,no,no
,images/img2340.jpg,0.032977,no,no
,images/img2360.jpg,0.069805,no,no
,images/img2380.jpg,0.070052,no,no
,images/img2400.jpg,0.059019,no,no
,images/img2420.jpg,0.062226,no,no
,images/img2440.jpg,0.047971,no,no
,images/img2460.jpg,0.060842,no,no
,images/img2480.jpg,0.037404,no,no
,images/img2500.jpg,0.038295,no,no
,images/img2520.jpg,0.021162,no,no
,images/img2540.jpg,0.027111,no,no
,images/img2560.jpg,0.023424,no,no
,images/img2580.jpg,0.023273,no,no
,images/img2600.jpg,0.028207,no,no
,images/img2620.jpg,0.028317,no,no
,images/img2640.jpg,0.089172,no,no
,images/img2660.jpg,0.050507,no,no
,images/img2680.jpg,0.049616,no,no
,images/img2700.jpg,0.053660,no,no
,images/img2720.jpg,0.054441,no,no
,images/img2740.jpg,0.044380,no,no
,images/img2760.jpg,0.324411,no,no
,images/img2780.jpg,0.050493,no,no
,images/img2800.jpg,0.056880,no,no
,images/img2820.jpg,0.063569,no,no
,images/img2840.jpg,0.059512,no,no
,images/img2860.jpg,0.030620,no,no
,images/img2880.jpg,0.023931,no,no
,images/img2900.jpg,0.024342,no,no
,images/img2920.jpg,0.013103,no,no
,images/img2940.jpg,0.058840,no,no
,images/img2960.jpg,0.048616,no,no
,images/img2980.jpg,0.039364,no,no
,images/img3000.jpg,0.044285,no,no
,images/img3020.jpg,0.027357,no,no
,images/img3040.jpg,0.046573,no,no
,images/img3060.jpg,0.021190,no,no
,images/img3080.jpg,0.055126,no,no
,images/img3100.jpg,0.041886,no,no
,images/img3120.jpg,0.036445,no,no
,images/img3140.jpg,0.054071,no,no
,images/img3160.jpg,0.044737,no,no
,images/img3180.jpg,0.037952,no,no
,images/img3200.jpg,0.043846,no,no
,images/img3220.jpg,0.078660,no,no
,images/img3240.jpg,0.036143,no,no
,images/img3260.jpg,0.215090,no,no
,images/img3280.jpg,0.281319,no,no
,images/img3300.jpg,0.403303,no,no
,images/img3320.jpg,0.648958,no,no
,images/img3340.jpg,0.204071,no,no
,images/img3360.jpg,0.413336,no,no
,images/img3380.jpg,0.081031,no,no
,images/img3400.jpg,0.158306,no,no
,images/img3420.jpg,0.146190,no,no
,images/img3440.jpg,0.157127,no,no
,images/img3460.jpg,0.076179,no,no
,images/img3480.jpg,0.080510,no,no
,images/img3500.jpg,0.063802,no,no
,images/img3520.jpg,0.204523,no,no
,images/img3540.jpg,0.174712,no,no
,images/img3560.jpg,0.160334,no,no
,images/img3580.jpg,0.048862,no,no
,images/img3600.jpg,0.011486,no,no
,images/img3620.jpg,0.030496,no,no
,images/img3640.jpg,0.024507,no,no
,images/img3660.jpg,0.028125,no,no
,images/img3680.jpg,0.027042,no,no
,images/img3700.jpg,0.026713,no,no
,images/img3720.jpg,0.094065,no,no
,images/img3740.jpg,0.103851,no,no
,images/img3760.jpg,0.121848,no,no
,images/img3780.jpg,0.140543,no,no
,images/img3800.jpg,0.081003,no,no
,images/img3820.jpg,0.170737,no,no
,images/img3840.jpg,0.080428,no,no
,images/img3860.jpg,0.224301,no,no
,images/img3880.jpg,0.095724,no,no
,images/img3900.jpg,0.086650,no,no
,images/img3920.jpg,0.116831,no,no
,images/img3940.jpg,0.065927,no,no
,images/img3960.jpg,0.104441,no,no
,images/img3980.jpg,0.102645,no,no
,images/img4000.jpg,0.104112,no,no
,images/img4020.jpg,0.031867,no,no
,images/img4040.jpg,0.185005,no,no
,images/img4060.jpg,0.158662,no,no
,images/img4080.jpg,0.068750,no,no
,images/img4100.jpg,0.032127,no,no
,images/img4120.jpg,0.036458,no,no
,images/img4140.jpg,0.039460,no,no
,images/img4160.jpg,0.062623,no,no
,images/img4180.jpg,0.053701,no,no
,images/img4200.jpg,0.024205,no,no
,images/img4220.jpg,0.014720,no,no
,images/img4240.jpg,0.011513,no,no
,images/img4260.jpg,0.013679,no,no
,images/img4280.jpg,0.014912,no,no
,images/img4300.jpg,0.012308,no,no
,images/img4320.jpg,0.047149,no,no
,images/img4340.jpg,0.725754,yes,yes
,images/img4360.jpg,0.662829,no,no
,images/img4380.jpg,0.259882,no,no
,images/img4400.jpg,0.731428,yes,yes
,images/img4420.jpg,0.732031,yes,yes
,images/img4440.jpg,0.691831,no,no
,images/img4460.jpg,0.372793,no,no
,images/img4480.jpg,0.265831,no,no
,images/img4500.jpg,0.102166,no,no
,images/img4520.jpg,0.313706,no,no
,images/img4540.jpg,0.449082,no,no
,images/img4560.jpg,0.011719,no,no
,images/img4580.jpg,0.010005,no,no
,images/img4600.jpg,0.060184,no,no
,images/img4620.jpg,0.079811,no,no
,images/img4640.jpg,0.169559,no,no
,images/img4660.jpg,0.195189,no,no
,images/img4680.jpg,0.014076,no,no
,images/img4700.jpg,0.020970,no,no
,images/img4720.jpg,0.076329,no,no
,images/img4740.jpg,0.217571,no,no
,images/img4760.jpg,0.336308,no,no
,images/img4780.jpg,0.017421,no,no
,images/img4800.jpg,0.014542,no,no
,images/img4820.jpg,0.016571,no,no
,images/img4840.jpg,0.019216,no,no
,images/img4860.jpg,0.042475,no,no
,images/img4880.jpg,0.012007,no,no
,images/img4900.jpg,0.015419,no,no
,images/img4920.jpg,0.013816,no,no
,images/img4940.jpg,0.014926,no,no
,images/img4960.jpg,0.013405,no,no
,images/img4980.jpg,0.018997,no,no
,images/img5000.jpg,0.013898,no,no
,images/img5020.jpg,0.012582,no,no
,images/img5040.jpg,0.016201,no,no
,images/img5060.jpg,0.014145,no,no
,images/img5080.jpg,0.015077,no,no
,images/img5100.jpg,0.013295,no,no
,images/img5120.jpg,0.011623,no,no
,images/img5140.jpg,0.015474,no,no
,images/img5160.jpg,0.014638,no,no
,images/img5180.jpg,0.014720,no,no
,images/img5200.jpg,0.010280,no,no
,images/img5220.jpg,0.011404,no,no
,images/img5240.jpg,0.017229,no,no
,images/img5260.jpg,0.058978,no,no
,images/img5280.jpg,0.135609,no,no
,images/img5300.jpg,0.039227,no,no
,images/img5320.jpg,0.051055,no,no
,images/img5340.jpg,0.187061,no,no
,images/img5360.jpg,0.212007,no,no
,images/img5380.jpg,0.169984,no,no
,images/img5400.jpg,0.167462,no,no
,images/img5420.jpg,0.168120,no,no
,images/img5440.jpg,0.209992,no,no
,images/img5460.jpg,0.078289,no,no
,images/img5480.jpg,0.053810,no,no
,images/img5500.jpg,0.045683,no,no
,images/img5520.jpg,0.044257,no,no
,images/img5540.jpg,0.051494,no,no
,images/img5560.jpg,0.060704,no,no
,images/img5580.jpg,0.026343,no,no
,images/img5600.jpg,0.029619,no,no
,images/img5620.jpg,0.025850,no,no
,images/img5640.jpg,0.033059,no,no
,images/img5660.jpg,0.048602,no,no
,images/img5680.jpg,0.039117,no,no
,images/img5700.jpg,0.040748,no,no
,images/img5720.jpg,0.039391,no,no
,images/img5740.jpg,0.039652,no,no
,images/img5760.jpg,0.040680,no,no
,images/img5780.jpg,0.035979,no,no
,images/img5800.jpg,0.029825,no,no
,images/img5820.jpg,0.067558,no,no
,images/img5840.jpg,0.052961,no,no
,images/img5860.jpg,0.034211,no,no
,images/img5880.jpg,0.024548,no,no
,images/img5900.jpg,0.022985,no,no
,images/img5920.jpg,0.029057,no,no
,images/img5940.jpg,0.380099,no,no
,images/img5960.jpg,0.313446,no,no
,images/img5980.jpg,0.204304,no,no
,images/img6000.jpg,0.241255,no,no
,images/img6020.jpg,0.521683,no,no
,images/img6040.jpg,0.529180,no,no
,images/img6060.jpg,0.049356,no,no
,images/img6080.jpg,0.020162,no,no
,images/img6100.jpg,0.020175,no,no
,images/img6120.jpg,0.008361,no,no
,images/img6140.jpg,0.023986,no,no
,images/img6160.jpg,0.009471,no,no
,images/img6180.jpg,0.152823,no,no
,images/img6200.jpg,0.031181,no,no
,images/img6220.jpg,0.075973,no,no
,images/img6240.jpg,0.827303,yes,yes
,images/img6260.jpg,0.021560,no,no
,images/img6280.jpg,0.021423,no,no
,images/img6300.jpg,0.013967,no,no
,images/img6320.jpg,0.022039,no,no
,images/img6340.jpg,0.028577,no,no
,images/img6360.jpg,0.040968,no,no
,images/img6380.jpg,0.029290,no,no
,images/img6400.jpg,0.041872,no,no
,images/img6420.jpg,0.024986,no,no
,images/img6440.jpg,0.074356,no,no
,images/img6460.jpg,0.009211,no,no
,images/img6480.jpg,0.011870,no,no
,images/img6500.jpg,0.008292,no,no
,images/img6520.jpg,0.014323,no,no
,images/img6540.jpg,0.016434,no,no
,images/img6560.jpg,0.016488,no,no
,images/img6580.jpg,0.017558,no,no
,images/img6600.jpg,0.024027,no,no
,images/img6620.jpg,0.016118,no,no
,images/img6640.jpg,0.018805,no,no
,images/img6660.jpg,0.018284,no,no
,images/img6680.jpg,0.016941,no,no
,images/img6700.jpg,0.013268,no,no
,images/img6720.jpg,0.015255,no,no
,images/img6740.jpg,0.014104,no,no
,images/img6760.jpg,0.030825,no,no
,images/img6780.jpg,0.046450,no,no
,images/img6800.jpg,0.131716,no,no
,images/img6820.jpg,0.028577,no,no
,images/img6840.jpg,0.100535,no,no
,images/img6860.jpg,0.327111,no,no
,images/img6880.jpg,0.312596,no,no
,images/img6900.jpg,0.500507,no,no
,images/img6920.jpg,0.530866,no,no
,images/img6940.jpg,0.017612,no,no
,images/img6960.jpg,0.030784,no,no
,images/img6980.jpg,0.020518,no,no
,images/img7000.jpg,0.030578,no,no
,images/img7020.jpg,0.028879,no,no
,images/img7040.jpg,0.034745,no,no
,images/img7060.jpg,0.031456,no,no
,images/img7080.jpg,0.038967,no,no
,images/img7100.jpg,0.051919,no,no
,images/img7120.jpg,0.033470,no,no
,images/img7140.jpg,0.029907,no,no
,images/img7160.jpg,0.032607,no,no
,images/img7180.jpg,0.045340,no,no
,images/img7200.jpg,0.027344,no,no
,images/img7220.jpg,0.054550,no,no
,images/img7240.jpg,0.017105,no,no
,images/img7260.jpg,0.028988,no,no
,images/img7280.jpg,0.035170,no,no
,images/img7300.jpg,0.035403,no,no
,images/img7320.jpg,0.028810,no,no
,images/img7340.jpg,0.539433,no,no
,images/img7360.jpg,0.434334,no,no
,images/img7380.jpg,0.161856,no,no
,images/img7400.jpg,0.130099,no,no
,images/img7420.jpg,0.252782,no,no
,images/img7440.jpg,0.143750,no,no
,images/img7460.jpg,0.187267,no,no
,images/img7480.jpg,0.013281,no,no
,images/img7500.jpg,0.027892,no,no
,images/img7520.jpg,0.740543,yes,yes
,images/img7540.jpg,0.719476,yes,yes
,images/img7560.jpg,0.020244,no,no
,images/img7580.jpg,0.044723,no,no
,images/img7600.jpg,0.050726,no,no
,images/img7620.jpg,0.015145,no,no
,images/img7640.jpg,0.040789,no,no
,images/img7660.jpg,0.023849,no,no
,images/img7680.jpg,0.015186,no,no
,images/img7700.jpg,0.022286,no,no
,images/img7720.jpg,0.020737,no,no
,images/img7740.jpg,0.031743,no,no
,images/img7760.jpg,0.040406,no,no
,images/img7780.jpg,0.018777,no,no
,images/img7800.jpg,0.016886,no,no
,images/img7820.jpg,0.017900,no,no
,images/img7840.jpg,0.025576,no,no
,images/img7860.jpg,0.034553,no,no
,images/img7880.jpg,0.022245,no,no
,images/img7900.jpg,0.033032,no,no
,images/img7920.jpg,0.025302,no,no
,images/img7940.jpg,0.023013,no,no
,images/img7960.jpg,0.023465,no,no
,images/img7980.jpg,0.019010,no,no
,images/img8000.jpg,0.015927,no,no
,images/img8020.jpg,0.013144,no,no
,images/img8040.jpg,0.010444,no,no
,images/img8060.jpg,0.008073,no,no
,images/img8080.jpg,0.111760,no,no
,images/img8100.jpg,0.019655,no,no
,images/img8120.jpg,0.026521,no,no
,images/img8140.jpg,0.104688,no,no
,images/img8160.jpg,0.052138,no,no
,images/img8180.jpg,0.038459,no,no
,images/img8200.jpg,0.056086,no,no
,images/img8220.jpg,0.042434,no,no
,images/img8240.jpg,0.043969,no,no
,images/img8260.jpg,0.032484,no,no
,images/img8280.jpg,0.038953,no,no
,images/img8300.jpg,0.032292,no,no
,images/img8320.jpg,0.081647,no,no
,images/img8340.jpg,0.049260,no,no
,images/img8360.jpg,0.019901,no,no
,images/img8380.jpg,0.027988,no,no
,images/img8400.jpg,0.425178,no,no
,images/img8420.jpg,0.046683,no,no
,images/img8440.jpg,0.034073,no,no
,images/img8460.jpg,0.035965,no,no
,images/img8480.jpg,0.024137,no,no
,images/img8500.jpg,0.046436,no,no
,images/img8520.jpg,0.040049,no,no
,images/img8540.jpg,0.045134,no,no
,images/img8560.jpg,0.041201,no,no
,images/img8580.jpg,0.021875,no,no
,images/img8600.jpg,0.021944,no,no
,images/img8620.jpg,0.026796,no,no
,images/img8640.jpg,0.025137,no,no
,images/img8660.jpg,0.021998,no,no
,images/img8680.jpg,0.017859,no,no
,images/img8700.jpg,0.023616,no,no
,images/img8720.jpg,0.023479,no,no
,images/img8740.jpg,0.020861,no,no
,images/img8760.jpg,0.026686,no,no
,images/img8780.jpg,0.025781,no,no
,images/img8800.jpg,0.025644,no,no
,images/img8820.jpg,0.031908,no,no
,images/img8840.jpg,0.033059,no,no
,images/img8860.jpg,0.053262,no,no
,images/img8880.jpg,0.034910,no,no
,images/img8900.jpg,0.032497,no,no
,images/img8920.jpg,0.011828,no,no
,images/img8940.jpg,0.299424,no,no
,images/img8960.jpg,0.098342,no,no
,images/img8980.jpg,0.118366,no,no
,images/img9000.jpg,0.092133,no,no
,images/img9020.jpg,0.038583,no,no
,images/img9040.jpg,0.144065,no,no
,images/img9060.jpg,0.576371,no,no
,images/img9080.jpg,0.024945,no,no
,images/img9100.jpg,0.046025,no,no
,images/img9120.jpg,0.028043,no,no
,images/img9140.jpg,0.028988,no,no
,images/img9160.jpg,0.025082,no,no
,images/img9180.jpg,0.037555,no,no
,images/img9200.jpg,0.017434,no,no
,images/img9220.jpg,0.470107,no,no
,images/img9240.jpg,0.519134,no,no
,images/img9260.jpg,0.477536,no,no
,images/img9280.jpg,0.556195,no,no
,images/img9300.jpg,0.409841,no,no
,images/img9320.jpg,0.177124,no,no
,images/img9340.jpg,0.043215,no,no
,images/img9360.jpg,0.062089,no,no
,images/img9380.jpg,0.053084,no,no
,images/img9400.jpg,0.076247,no,no
,images/img9420.jpg,0.043243,no,no
,images/img9440.jpg,0.131140,no,no
,images/img9460.jpg,0.044010,no,no
,images/img9480.jpg,0.024150,no,no
,images/img9500.jpg,0.023150,no,no
,images/img9520.jpg,0.016598,no,no
,images/img9540.jpg,0.020888,no,no
,images/img9560.jpg,0.092270,no,no
,images/img9580.jpg,0.056072,no,no
,images/img9600.jpg,0.056277,no,no
,images/img9620.jpg,0.022670,no,no
,images/img9640.jpg,0.065735,no,no
,images/img9660.jpg,0.041859,no,no
,images/img9680.jpg,0.052193,no,no
,images/img9700.jpg,0.076055,no,no
,images/img9720.jpg,0.178920,no,no
,images/img9740.jpg,0.151001,no,no
,images/img9760.jpg,0.072464,no,no
,images/img9780.jpg,0.135321,no,no
,images/img9800.jpg,0.106099,no,no
,images/img9820.jpg,0.095052,no,no
,images/img9840.jpg,0.095052,no,no
,images/img9860.jpg,0.055715,no,no
,images/img9880.jpg,0.051316,no,no
,images/img9900.jpg,0.016872,no,no
,images/img9920.jpg,0.052207,no,no
,images/img9940.jpg,0.116968,no,no
,images/img9960.jpg,0.049671,no,no
,images/img9980.jpg,0.015488,no,no
,images/img10000.jpg,0.108978,no,no
,images/img10020.jpg,0.429427,no,no
,images/img10040.jpg,0.031497,no,no
,images/img10060.jpg,0.066228,no,no
,images/img10080.jpg,0.112390,no,no
,images/img10100.jpg,0.106442,no,no
,images/img10120.jpg,0.134032,no,no
,images/img10140.jpg,0.033196,no,no
,images/img10160.jpg,0.045052,no,no
,images/img10180.jpg,0.037308,no,no
,images/img10200.jpg,0.596340,no,no
,images/img10220.jpg,0.458676,no,no
,images/img10240.jpg,0.516269,no,no
,images/img10260.jpg,0.498753,no,no
,images/img10280.jpg,0.334581,no,no
,images/img10300.jpg,0.192681,no,no
,images/img10320.jpg,0.124246,no,no
,images/img10340.jpg,0.401590,no,no
,images/img10360.jpg,0.148040,no,no
,images/img10380.jpg,0.005208,no,no
,images/img10400.jpg,0.351631,no,no
,images/img10420.jpg,0.039871,no,no
,images/img10440.jpg,0.046587,no,no
,images/img10460.jpg,0.005195,no,no
,images/img10480.jpg,0.026508,no,no
,images/img10500.jpg,0.010554,no,no
,images/img10520.jpg,0.001590,no,no
,images/img10540.jpg,0.141379,no,no
,images/img10560.jpg,0.084608,no,no
,images/img10580.jpg,0.123794,no,no
,images/img10600.jpg,0.016502,no,no
,images/img10620.jpg,0.018819,no,no
,images/img10640.jpg,0.011732,no,no
,images/img10660.jpg,0.012514,no,no
,images/img10680.jpg,0.014995,no,no
,images/img10700.jpg,0.012719,no,no
,images/img10720.jpg,0.005414,no,no
,images/img10740.jpg,0.007401,no,no
,images/img10760.jpg,0.038802,no,no
,images/img10780.jpg,0.026179,no,no
,images/img10800.jpg,0.023712,no,no
,images/img10820.jpg,0.028098,no,no
,images/img10840.jpg,0.020230,no,no
,images/img10860.jpg,0.037473,no,no
,images/img10880.jpg,0.064762,no,no
,images/img10900.jpg,0.070326,no,no
,images/img10920.jpg,0.046957,no,no
,images/img10940.jpg,0.065556,no,no
,images/img10960.jpg,0.388596,no,no
,images/img10980.jpg,0.358004,no,no
,images/img11000.jpg,0.369243,no,no
,images/img11020.jpg,0.371806,no,no
,images/img11040.jpg,0.191488,no,no
,images/img11060.jpg,0.230112,no,no
,images/img11080.jpg,0.234197,no,no
,images/img11100.jpg,0.227042,no,no
,images/img11120.jpg,0.230058,no,no
,images/img11140.jpg,0.041776,no,no
,images/img11160.jpg,0.021875,no,no
,images/img11180.jpg,0.167654,no,no
,images/img11200.jpg,0.173602,no,no
,images/img11220.jpg,0.063857,no,no
,images/img11240.jpg,0.020929,no,no
,images/img11260.jpg,0.025110,no,no
,images/img11280.jpg,0.019326,no,no
,images/img11300.jpg,0.073616,no,no
,images/img11320.jpg,0.077892,no,no
,images/img11340.jpg,0.077700,no,no
,images/img11360.jpg,0.013788,no,no
,images/img11380.jpg,0.096190,no,no
,images/img11400.jpg,0.085759,no,no
,images/img11420.jpg,0.045751,no,no
,images/img11440.jpg,0.081867,no,no
,images/img11460.jpg,0.085677,no,no
,images/img11480.jpg,0.063130,no,no
,images/img11500.jpg,0.073643,no,no
,images/img11520.jpg,0.042270,no,no
,images/img11540.jpg,0.038350,no,no
,images/img11560.jpg,0.050795,no,no
,images/img11580.jpg,0.052166,no,no
,images/img11600.jpg,0.036061,no,no
,images/img11620.jpg,0.035156,no,no
,images/img11640.jpg,0.029660,no,no
,images/img11660.jpg,0.031264,no,no
,images/img11680.jpg,0.033196,no,no
,images/img11700.jpg,0.240831,no,no
,images/img11720.jpg,0.017722,no,no
,images/img11740.jpg,0.760842,yes,yes
,images/img11760.jpg,0.787103,yes,yes
,images/img11780.jpg,0.354660,no,no
,images/img11800.jpg,0.050740,no,no
,images/img11820.jpg,0.083635,no,no
,images/img11840.jpg,0.050247,no,no
,images/img11860.jpg,0.056908,no,no
,images/img11880.jpg,0.055811,no,no
,images/img11900.jpg,0.054852,no,no
,images/img11920.jpg,0.038816,no,no
,images/img11940.jpg,0.037829,no,no
,images/img11960.jpg,0.032675,no,no
,images/img11980.jpg,0.036527,no,no
,images/img12000.jpg,0.043544,no,no
,images/img12020.jpg,0.044846,no,no
,images/img12040.jpg,0.040337,no,no
,images/img12060.jpg,0.027851,no,no
,images/img12080.jpg,0.048862,no,no
,images/img12100.jpg,0.049931,no,no
,images/img12120.jpg,0.063747,no,no
,images/img12140.jpg,0.046436,no,no
,images/img12160.jpg,0.038117,no,no
,images/img12180.jpg,0.037939,no,no
,images/img12200.jpg,0.045011,no,no
,images/img12220.jpg,0.098328,no,no
,images/img12240.jpg,0.069504,no,no
,images/img12260.jpg,0.083840,no,no
,images/img12280.jpg,0.023945,no,no
,images/img12300.jpg,0.095847,no,no
,images/img12320.jpg,0.221779,no,no
,images/img12340.jpg,0.190831,no,no
,images/img12360.jpg,0.183923,no,no
,images/img12380.jpg,0.053344,no,no
,images/img12400.jpg,0.054112,no,no
,images/img12420.jpg,0.470998,no,no
,images/img12440.jpg,0.541077,no,no
,images/img12460.jpg,0.651754,no,no
,images/img12480.jpg,0.023342,no,no
,images/img12500.jpg,0.087089,no,no
,images/img12520.jpg,0.096615,no,no
,images/img12540.jpg,0.058786,no,no
,images/img12560.jpg,0.050288,no,no
,images/img12580.jpg,0.051329,no,no
,images/img12600.jpg,0.168873,no,no
,images/img12620.jpg,0.016680,no,no
,images/img12640.jpg,0.016475,no,no
,images/img12660.jpg,0.019271,no,no
,images/img12680.jpg,0.026001,no,no
,images/img12700.jpg,0.016763,no,no
,images/img12720.jpg,0.017338,no,no
,images/img12740.jpg,0.010691,no,no
,images/img12760.jpg,0.126823,no,no
,images/img12780.jpg,0.046327,no,no
,images/img12800.jpg,0.007059,no,no
,images/img12820.jpg,0.019915,no,no
,images/img12840.jpg,0.097314,no,no
,images/img12860.jpg,0.016064,no,no
,images/img12880.jpg,0.059169,no,no
,images/img12900.jpg,0.016639,no,no
,images/img12920.jpg,0.031140,no,no
,images/img12940.jpg,0.236541,no,no
,images/img12960.jpg,0.311965,no,no
,images/img12980.jpg,0.215159,no,no
,images/img13000.jpg,0.247286,no,no
,images/img13020.jpg,0.174356,no,no
,images/img13040.jpg,0.127741,no,no
,images/img13060.jpg,0.111760,no,no
,images/img13080.jpg,0.119504,no,no
,images/img13100.jpg,0.117982,no,no
,images/img13120.jpg,0.116393,no,no
,images/img13140.jpg,0.113295,no,no
,images/img13160.jpg,0.126700,no,no
,images/img13180.jpg,0.132922,no,no
,images/img13200.jpg,0.142256,no,no
,images/img13220.jpg,0.049260,no,no
,images/img13240.jpg,0.015269,no,no
,images/img13260.jpg,0.011129,no,no
,images/img13280.jpg,0.008100,no,no
,images/img13300.jpg,0.008854,no,no
,images/img13320.jpg,0.009951,no,no
,images/img13340.jpg,0.059553,no,no
,images/img13360.jpg,0.031483,no,no
,images/img13380.jpg,0.014529,no,no
,images/img13400.jpg,0.050493,no,no
,images/img13420.jpg,0.067462,no,no
,images/img13440.jpg,0.034635,no,no
,images/img13460.jpg,0.045189,no,no
,images/img13480.jpg,0.033320,no,no
,images/img13500.jpg,0.024753,no,no
,images/img13520.jpg,0.499808,no,no
,images/img13540.jpg,0.599013,no,no
,images/img13560.jpg,0.035677,no,no
,images/img13580.jpg,0.031867,no,no
,images/img13600.jpg,0.033594,no,no
,images/img13620.jpg,0.033265,no,no
,images/img13640.jpg,0.029002,no,no
,images/img13660.jpg,0.034786,no,no
,images/img13680.jpg,0.039597,no,no
,images/img13700.jpg,0.039117,no,no
,images/img13720.jpg,0.042407,no,no
,images/img13740.jpg,0.042352,no,no
,images/img13760.jpg,0.041516,no,no
,images/img13780.jpg,0.707059,yes,yes
,images/img13800.jpg,0.749150,yes,yes
,images/img13820.jpg,0.742078,yes,yes
,images/img13840.jpg,0.756387,yes,yes
,images/img13860.jpg,0.011088,no,no
,images/img13880.jpg,0.010293,no,no
,images/img13900.jpg,0.011801,no,no
,images/img13920.jpg,0.033607,no,no
,images/img13940.jpg,0.311472,no,no
,images/img13960.jpg,0.126151,no,no
,images/img13980.jpg,0.074603,no,no
,images/img14000.jpg,0.015899,no,no
,images/img14020.jpg,0.018215,no,no
,images/img14040.jpg,0.022149,no,no
,images/img14060.jpg,0.014474,no,no
,images/img14080.jpg,0.036499,no,no
,images/img14100.jpg,0.021669,no,no
,images/img14120.jpg,0.017695,no,no
,images/img14140.jpg,0.013035,no,no
,images/img14160.jpg,0.018380,no,no
,images/img14180.jpg,0.034073,no,no
,images/img14200.jpg,0.030921,no,no
,images/img14220.jpg,0.032333,no,no
,images/img14240.jpg,0.025959,no,no
,images/img14260.jpg,0.018503,no,no
,images/img14280.jpg,0.009348,no,no
,images/img14300.jpg,0.017421,no,no
,images/img14320.jpg,0.027138,no,no
,images/img14340.jpg,0.031524,no,no
,images/img14360.jpg,0.049109,no,no
,images/img14380.jpg,0.138692,no,no
,images/img14400.jpg,0.239104,no,no
,images/img14420.jpg,0.265817,no,no
,images/img14440.jpg,0.270230,no,no
,images/img14460.jpg,0.272039,no,no
,images/img14480.jpg,0.196176,no,no
,images/img14500.jpg,0.174863,no,no
,images/img14520.jpg,0.018366,no,no
,images/img14540.jpg,0.008320,no,no
,images/img14560.jpg,0.023300,no,no
,images/img14580.jpg,0.046313,no,no
,images/img14600.jpg,0.039172,no,no
,images/img14620.jpg,0.033662,no,no
,images/img14640.jpg,0.007209,no,no
,images/img14660.jpg,0.035636,no,no
,images/img14680.jpg,0.010060,no,no
,images/img14700.jpg,0.021423,no,no
,images/img14720.jpg,0.018298,no,no
,images/img14740.jpg,0.020450,no,no
,images/img14760.jpg,0.003344,no,no
,images/img14780.jpg,0.049479,no,no
,images/img14800.jpg,0.165145,no,no
,images/img14820.jpg,0.169833,no,no
,images/img14840.jpg,0.136993,no,no
,images/img14860.jpg,0.177056,no,no
,images/img14880.jpg,0.154550,no,no
,images/img14900.jpg,0.181853,no,no
,images/img14920.jpg,0.195038,no,no
,images/img14940.jpg,0.163665,no,no
,images/img14960.jpg,0.157950,no,no
,images/img14980.jpg,0.239679,no,no
,images/img15000.jpg,0.224219,no,no
,images/img15020.jpg,0.195587,no,no
,images/img15040.jpg,0.080743,no,no
,images/img15060.jpg,0.088624,no,no
,images/img15080.jpg,0.127344,no,no
,images/img15100.jpg,0.108525,no,no
,images/img15120.jpg,0.045367,no,no
,images/img15140.jpg,0.031181,no,no
,images/img15160.jpg,0.416913,no,no
,images/img15180.jpg,0.785033,yes,yes
,images/img15200.jpg,0.030757,no,no
,images/img15220.jpg,0.043723,no,no
,images/img15240.jpg,0.040310,no,no
,images/img15260.jpg,0.023122,no,no
,images/img15280.jpg,0.032388,no,no
,images/img15300.jpg,0.041763,no,no
,images/img15320.jpg,0.008635,no,no
,images/img15340.jpg,0.738747,yes,yes
,images/img15360.jpg,0.750617,yes,yes
,images/img15380.jpg,0.713939,yes,yes
,images/img15400.jpg,0.689008,no,no
,images/img15420.jpg,0.685471,no,no
,images/img15440.jpg,0.735019,yes,yes
,images/img15460.jpg,0.729386,yes,yes
,images/img15480.jpg,0.713720,yes,yes
,images/img15500.jpg,0.751384,yes,yes
,images/img15520.jpg,0.762733,yes,yes
,images/img15540.jpg,0.769915,yes,yes
,images/img15560.jpg,0.722821,yes,yes
,images/img15580.jpg,0.027015,no,no
,images/img15600.jpg,0.040817,no,no
,images/img15620.jpg,0.024836,no,no
,images/img15640.jpg,0.053125,no,no
,images/img15660.jpg,0.061705,no,no
,images/img15680.jpg,0.017791,no,no
,images/img15700.jpg,0.013980,no,no
,images/img15720.jpg,0.012569,no,no
,images/img15740.jpg,0.010787,no,no
,images/img15760.jpg,0.156839,no,no
,images/img15780.jpg,0.122177,no,no
,images/img15800.jpg,0.056140,no,no
,images/img15820.jpg,0.159677,no,no
,images/img15840.jpg,0.027029,no,no
,images/img15860.jpg,0.075535,no,no
,images/img15880.jpg,0.022067,no,no
,images/img15900.jpg,0.072451,no,no
,images/img15920.jpg,0.047026,no,no
,images/img15940.jpg,0.054249,no,no
,images/img15960.jpg,0.041146,no,no
,images/img15980.jpg,0.078098,no,no
,images/img16000.jpg,0.061321,no,no
,images/img16020.jpg,0.046724,no,no
,images/img16040.jpg,0.059060,no,no
,images/img16060.jpg,0.020820,no,no
,images/img16080.jpg,0.487610,no,no
,images/img16100.jpg,0.734430,yes,yes
,images/img16120.jpg,0.042749,no,no
,images/img16140.jpg,0.080167,no,no
,images/img16160.jpg,0.149698,no,no
,images/img16180.jpg,0.333073,no,no
,images/img16200.jpg,0.635266,no,no
,images/img16220.jpg,0.631634,no,no
,images/img16240.jpg,0.012473,no,no
,images/img16260.jpg,0.015515,no,no
,images/img16280.jpg,0.025288,no,no
,images/img16300.jpg,0.015255,no,no
,images/img16320.jpg,0.018832,no,no
,images/img16340.jpg,0.059841,no,no
,images/img16360.jpg,0.040282,no,no
,images/img16380.jpg,0.018339,no,no
,images/img16400.jpg,0.033936,no,no
,images/img16420.jpg,0.100233,no,no
,images/img16440.jpg,0.219559,no,no
,images/img16460.jpg,0.283457,no,no
,images/img16480.jpg,0.144216,no,no
,images/img16500.jpg,0.061143,no,no
,images/img16520.jpg,0.050932,no,no
,images/img16540.jpg,0.041900,no,no
,images/img16560.jpg,0.045792,no,no
,images/img16580.jpg,0.006346,no,no
,images/img16600.jpg,0.011006,no,no
,images/img16620.jpg,0.033566,no,no
,images/img16640.jpg,0.065132,no,no
,images/img16660.jpg,0.049698,no,no
,images/img16680.jpg,0.041324,no,no
,images/img16700.jpg,0.052303,no,no
,images/img16720.jpg,0.029496,no,no
,images/img16740.jpg,0.049548,no,no
,images/img16760.jpg,0.085814,no,no
,images/img16780.jpg,0.026343,no,no
,images/img16800.jpg,0.042215,no,no
,images/img16820.jpg,0.212473,no,no
,images/img16840.jpg,0.028043,no,no
,images/img16860.jpg,0.070929,no,no
,images/img16880.jpg,0.039762,no,no
,images/img16900.jpg,0.067873,no,no
,images/img16920.jpg,0.051453,no,no
,images/img16940.jpg,0.019024,no,no
,images/img16960.jpg,0.011362,no,no
,images/img16980.jpg,0.004989,no,no
,images/img17000.jpg,0.000905,no,no
,images/img17020.jpg,0.009087,no,no
,images/img17040.jpg,0.164405,no,no
,images/img17060.jpg,0.174973,no,no
,images/img17080.jpg,0.235115,no,no
,images/img17100.jpg,0.320902,no,no
,images/img17120.jpg,0.264337,no,no
,images/img17140.jpg,0.093914,no,no
,images/img17160.jpg,0.045600,no,no
,images/img17180.jpg,0.059471,no,no
,images/img17200.jpg,0.072629,no,no
,images/img17220.jpg,0.030482,no,no
,images/img17240.jpg,0.040817,no,no
,images/img17260.jpg,0.059992,no,no
,images/img17280.jpg,0.088309,no,no
,images/img17300.jpg,0.108703,no,no
,images/img17320.jpg,0.065502,no,no
,images/img17340.jpg,0.033196,no,no
,images/img17360.jpg,0.142749,no,no
,images/img17380.jpg,0.166831,no,no
,images/img17400.jpg,0.193065,no,no
,images/img17420.jpg,0.173533,no,no
,images/img17440.jpg,0.163939,no,no
,images/img17460.jpg,0.028289,no,no
,images/img17480.jpg,0.448300,no,no
,images/img17500.jpg,0.187212,no,no
,images/img17520.jpg,0.163638,no,no
,images/img17540.jpg,0.172026,no,no
,images/img17560.jpg,0.096834,no,no
,images/img17580.jpg,0.088569,no,no
,images/img17600.jpg,0.028194,no,no
,images/img17620.jpg,0.053906,no,no
,images/img17640.jpg,0.027234,no,no
,images/img17660.jpg,0.028015,no,no
,images/img17680.jpg,0.192530,no,no
,images/img17700.jpg,0.122026,no,no
,images/img17720.jpg,0.025562,no,no
,images/img17740.jpg,0.036116,no,no
,images/img17760.jpg,0.101837,no,no
,images/img17780.jpg,0.047917,no,no
,images/img17800.jpg,0.016118,no,no
,images/img17820.jpg,0.018407,no,no
,images/img17840.jpg,0.053865,no,no
,images/img17860.jpg,0.046573,no,no
,images/img17880.jpg,0.044901,no,no
,images/img17900.jpg,0.032305,no,no
,images/img17920.jpg,0.035334,no,no
,images/img17940.jpg,0.035622,no,no
,images/img17960.jpg,0.073259,no,no
,images/img17980.jpg,0.115803,no,no
,images/img18000.jpg,0.069778,no,no
,images/img18020.jpg,0.026823,no,no
,images/img18040.jpg,0.037308,no,no
,images/img18060.jpg,0.030510,no,no
,images/img18080.jpg,0.034142,no,no
,images/img18100.jpg,0.030537,no,no
,images/img18120.jpg,0.114679,no,no
,images/img18140.jpg,0.320916,no,no
,images/img18160.jpg,0.071299,no,no
,images/img18180.jpg,0.042078,no,no
,images/img18200.jpg,0.045271,no,no
,images/img18220.jpg,0.033635,no,no
,images/img18240.jpg,0.044079,no,no
,images/img18260.jpg,0.041310,no,no
,images/img18280.jpg,0.031497,no,no
,images/img18300.jpg,0.029701,no,no
,images/img18320.jpg,0.034992,no,no
,images/img18340.jpg,0.031017,no,no
,images/img18360.jpg,0.033580,no,no
,images/img18380.jpg,0.020916,no,no
,images/img18400.jpg,0.037610,no,no
,images/img18420.jpg,0.041461,no,no
,images/img18440.jpg,0.061458,no,no
,images/img18460.jpg,0.042325,no,no
,images/img18480.jpg,0.030044,no,no
,images/img18500.jpg,0.025877,no,no
,images/img18520.jpg,0.072752,no,no
,images/img18540.jpg,0.112664,no,no
,images/img18560.jpg,0.043572,no,no
,images/img18580.jpg,0.034457,no,no
,images/img18600.jpg,0.172149,no,no
,images/img18620.jpg,0.237431,no,no
,images/img18640.jpg,0.153139,no,no
,images/img18660.jpg,0.211623,no,no
,images/img18680.jpg,0.038336,no,no
,images/img18700.jpg,0.023712,no,no
,images/img18720.jpg,0.194010,no,no
,images/img18740.jpg,0.318887,no,no
,images/img18760.jpg,0.259361,no,no
,images/img18780.jpg,0.666242,no,no
,images/img18800.jpg,0.618229,no,no
,images/img18820.jpg,0.678207,no,no
,images/img18840.jpg,0.418448,no,no
,images/img18860.jpg,0.035992,no,no
,images/img18880.jpg,0.043640,no,no
,images/img18900.jpg,0.043558,no,no
,images/img18920.jpg,0.036883,no,no
,images/img18940.jpg,0.026850,no,no
,images/img18960.jpg,0.027193,no,no
,images/img18980.jpg,0.030578,no,no
,images/img19000.jpg,0.065255,no,no
,images/img19020.jpg,0.096848,no,no
,images/img19040.jpg,0.024109,no,no
,images/img19060.jpg,0.024959,no,no
,images/img19080.jpg,0.034128,no,no
,images/img19100.jpg,0.039172,no,no
,images/img19120.jpg,0.047615,no,no
,images/img19140.jpg,0.063829,no,no
,images/img19160.jpg,0.077234,no,no
,images/img19180.jpg,0.040255,no,no
,images/img19200.jpg,0.025644,no,no
,images/img19220.jpg,0.036650,no,no
,images/img19240.jpg,0.123972,no,no
,images/img19260.jpg,0.065789,no,no
,images/img19280.jpg,0.066434,no,no
,images/img19300.jpg,0.089515,no,no
,images/img19320.jpg,0.078111,no,no
,images/img19340.jpg,0.021861,no,no
,images/img19360.jpg,0.026658,no,no
,images/img19380.jpg,0.149712,no,no
,images/img19400.jpg,0.176741,no,no
,images/img19420.jpg,0.109635,no,no
,images/img19440.jpg,0.113555,no,no
,images/img19460.jpg,0.105661,no,no
,images/img19480.jpg,0.081730,no,no
,images/img19500.jpg,0.647135,no,no
,images/img19520.jpg,0.459019,no,no
,images/img19540.jpg,0.066584,no,no
,images/img19560.jpg,0.016118,no,no
,images/img19580.jpg,0.015255,no,no
,images/img19600.jpg,0.021135,no,no
,images/img19620.jpg,0.048561,no,no
,images/img19640.jpg,0.024109,no,no
,images/img19660.jpg,0.024287,no,no
,images/img19680.jpg,0.528509,no,no
,images/img19700.jpg,0.452618,no,no
,images/img19720.jpg,0.547204,no,no
,images/img19740.jpg,0.478797,no,no
,images/img19760.jpg,0.210376,no,no
,images/img19780.jpg,0.219901,no,no
,images/img19800.jpg,0.486006,no,no
,images/img19820.jpg,0.330277,no,no
,images/img19840.jpg,0.034704,no,no
,images/img19860.jpg,0.001658,no,no
,images/img19880.jpg,0.040255,no,no
,images/img19900.jpg,0.207072,no,no
,images/img19920.jpg,0.047464,no,no
,images/img19940.jpg,0.037459,no,no
,images/img19960.jpg,0.040789,no,no
,images/img19980.jpg,0.029263,no,no
,images/img20000.jpg,0.036088,no,no
,images/img20020.jpg,0.022533,no,no
,images/img20040.jpg,0.115543,no,no
,images/img20060.jpg,0.135979,no,no
,images/img20080.jpg,0.155208,no,no
,images/img20100.jpg,0.080592,no,no
,images/img20120.jpg,0.051919,no,no
,images/img20140.jpg,0.024603,no,no
,images/img20160.jpg,0.083621,no,no
,images/img20180.jpg,0.050672,no,no
,images/img20200.jpg,0.086870,no,no
,images/img20220.jpg,0.044202,no,no
,images/img20240.jpg,0.055990,no,no
,images/img20260.jpg,0.032744,no,no
,images/img20280.jpg,0.044476,no,no
,images/img20300.jpg,0.019394,no,no
,images/img20320.jpg,0.036856,no,no
,images/img20340.jpg,0.027823,no,no
,images/img20360.jpg,0.036554,no,no
,images/img20380.jpg,0.036801,no,no
,images/img20400.jpg,0.032511,no,no
,images/img20420.jpg,0.017736,no,no
,images/img20440.jpg,0.043174,no,no
,images/img20460.jpg,0.049918,no,no
,images/img20480.jpg,0.042489,no,no
,images/img20500.jpg,0.055770,no,no
,images/img20520.jpg,0.036253,no,no
,images/img20540.jpg,0.029194,no,no
,images/img20560.jpg,0.076055,no,no
,images/img20580.jpg,0.028975,no,no
,images/img20600.jpg,0.016694,no,no
,images/img20620.jpg,0.019792,no,no
,images/img20640.jpg,0.028468,no,no
,images/img20660.jpg,0.054167,no,no
,images/img20680.jpg,0.065885,no,no
,images/img20700.jpg,0.025343,no,no
,images/img20720.jpg,0.036924,no,no
,images/img20740.jpg,0.050713,no,no
,images/img20760.jpg,0.054249,no,no
,images/img20780.jpg,0.055866,no,no
,images/img20800.jpg,0.024219,no,no
,images/img20820.jpg,0.019641,no,no
,images/img20840.jpg,0.028920,no,no
,images/img20860.jpg,0.028632,no,no
,images/img20880.jpg,0.031264,no,no
,images/img20900.jpg,0.033964,no,no
,images/img20920.jpg,0.063843,no,no
,images/img20940.jpg,0.044476,no,no
,images/img20960.jpg,0.025685,no,no
,images/img20980.jpg,0.048204,no,no
,images/img21000.jpg,0.043544,no,no
,images/img21020.jpg,0.019901,no,no
,images/img21040.jpg,0.044901,no,no
,images/img21060.jpg,0.028495,no,no
,images/img21080.jpg,0.039844,no,no
,images/img21100.jpg,0.018681,no,no
,images/img21120.jpg,0.026439,no,no
,images/img21140.jpg,0.018846,no,no
,images/img21160.jpg,0.014131,no,no
,images/img21180.jpg,0.018805,no,no
,images/img21200.jpg,0.026837,no,no
,images/img21220.jpg,0.072944,no,no
,images/img21240.jpg,0.070600,no,no
,images/img21260.jpg,0.012363,no,no
,images/img21280.jpg,0.010677,no,no
,images/img21300.jpg,0.011938,no,no
,images/img21320.jpg,0.019326,no,no
,images/img21340.jpg,0.012212,no,no
,images/img21360.jpg,0.036198,no,no
,images/img21380.jpg,0.055770,no,no
,images/img21400.jpg,0.080071,no,no
,images/img21420.jpg,0.101069,no,no
,images/img21440.jpg,0.027878,no,no
,images/img21460.jpg,0.009498,no,no
,images/img21480.jpg,0.021601,no,no
,images/img21500.jpg,0.032963,no,no
,images/img21520.jpg,0.052549,no,no
,images/img21540.jpg,0.034772,no,no
,images/img21560.jpg,0.040529,no,no
,images/img21580.jpg,0.033991,no,no
,images/img21600.jpg,0.017736,no,no
,images/img21620.jpg,0.013871,no,no
,images/img21640.jpg,0.039268,no,no
,images/img21660.jpg,0.041954,no,no
,images/img21680.jpg,0.033251,no,no
,images/img21700.jpg,0.008018,no,no
,images/img21720.jpg,0.023013,no,no
,images/img21740.jpg,0.025315,no,no
,images/img21760.jpg,0.011376,no,no
,images/img21780.jpg,0.026974,no,no
,images/img21800.jpg,0.023766,no,no
,images/img21820.jpg,0.026604,no,no
,images/img21840.jpg,0.031181,no,no
,images/img21860.jpg,0.031538,no,no
,images/img21880.jpg,0.044230,no,no
,images/img21900.jpg,0.023273,no,no
,images/img21920.jpg,0.026014,no,no
,images/img21940.jpg,0.058046,no,no
,images/img21960.jpg,0.314350,no,no
,images/img21980.jpg,0.031483,no,no
,images/img22000.jpg,0.030620,no,no
,images/img22020.jpg,0.016626,no,no
,images/img22040.jpg,0.022725,no,no
,images/img22060.jpg,0.037788,no,no
,images/img22080.jpg,0.016571,no,no
,images/img22100.jpg,0.019709,no,no
,images/img22120.jpg,0.011993,no,no
,images/img22140.jpg,0.191475,no,no
,images/img22160.jpg,0.233361,no,no
,images/img22180.jpg,0.240145,no,no
,images/img22200.jpg,0.236129,no,no
,images/img22220.jpg,0.152865,no,no
,images/img22240.jpg,0.215680,no,no
,images/img22260.jpg,0.338692,no,no
,images/img22280.jpg,0.348150,no,no
,images/img22300.jpg,0.337267,no,no
,images/img22320.jpg,0.343723,no,no
,images/img22340.jpg,0.348794,no,no
,images/img22360.jpg,0.347971,no,no
,images/img22380.jpg,0.351700,no,no
,images/img22400.jpg,0.343092,no,no
,images/img22420.jpg,0.348629,no,no
,images/img22440.jpg,0.013514,no,no
,images/img22460.jpg,0.009169,no,no
,images/img22480.jpg,0.008539,no,no
,images/img22500.jpg,0.009663,no,no
,images/img22520.jpg,0.088747,no,no
,images/img22540.jpg,0.196436,no,no
,images/img22560.jpg,0.190282,no,no
,images/img22580.jpg,0.257196,no,no
,images/img22600.jpg,0.049877,no,no
,images/img22620.jpg,0.033457,no,no
,images/img22640.jpg,0.018586,no,no
,images/img22660.jpg,0.023533,no,no
,images/img22680.jpg,0.025041,no,no
,images/img22700.jpg,0.027974,no,no
,images/img22720.jpg,0.017174,no,no
,images/img22740.jpg,0.011143,no,no
,images/img22760.jpg,0.017050,no,no
,images/img22780.jpg,0.024794,no,no
,images/img22800.jpg,0.018723,no,no
,images/img22820.jpg,0.020011,no,no
,images/img22840.jpg,0.019860,no,no
,images/img22860.jpg,0.025603,no,no
,images/img22880.jpg,0.023026,no,no
,images/img22900.jpg,0.034060,no,no
,images/img22920.jpg,0.020436,no,no
,images/img22940.jpg,0.019394,no,no
,images/img22960.jpg,0.075973,no,no
,images/img22980.jpg,0.293819,no,no
,images/img23000.jpg,0.263829,no,no
,images/img23020.jpg,0.265995,no,no
,images/img23040.jpg,0.263144,no,no
,images/img23060.jpg,0.270299,no,no
,images/img23080.jpg,0.208320,no,no
,images/img23100.jpg,0.112815,no,no
,images/img23120.jpg,0.112212,no,no
,images/img23140.jpg,0.101549,no,no
,images/img23160.jpg,0.051645,no,no
,images/img23180.jpg,0.051905,no,no
,images/img23200.jpg,0.724370,yes,yes
,images/img23220.jpg,0.024054,no,no
,images/img23240.jpg,0.061801,no,no
,images/img23260.jpg,0.070244,no,no
,images/img23280.jpg,0.062308,no,no
,images/img23300.jpg,0.073506,no,no
,images/img23320.jpg,0.062596,no,no
,images/img23340.jpg,0.470902,no,no
,images/img23360.jpg,0.467887,no,no
,images/img23380.jpg,0.474561,no,no
,images/img23400.jpg,0.452371,no,no
,images/img23420.jpg,0.455880,no,no
,images/img23440.jpg,0.454235,no,no
,images/img23460.jpg,0.046615,no,no
,images/img23480.jpg,0.477262,no,no
,images/img23500.jpg,0.471272,no,no
,images/img23520.jpg,0.793956,yes,yes
,images/img23540.jpg,0.758923,yes,yes
,images/img23560.jpg,0.160485,no,no
,images/img23580.jpg,0.053906,no,no
,images/img23600.jpg,0.028591,no,no
,images/img23620.jpg,0.026974,no,no
,images/img23640.jpg,0.038473,no,no
,images/img23660.jpg,0.105606,no,no
,images/img23680.jpg,0.150617,no,no
,images/img23700.jpg,0.605976,no,no
,images/img23720.jpg,0.623410,no,no
,images/img23740.jpg,0.534814,no,no
,images/img23760.jpg,0.547327,no,no
,images/img23780.jpg,0.645038,no,no
,images/img23800.jpg,0.580811,no,no
,images/img23820.jpg,0.603797,no,no
,images/img23840.jpg,0.752316,yes,yes
,images/img23860.jpg,0.690036,no,no
,images/img23880.jpg,0.647889,no,no
,images/img23900.jpg,0.068709,no,no
,images/img23920.jpg,0.082552,no,no
,images/img23940.jpg,0.119312,no,no
,images/img23960.jpg,0.213528,no,no
,images/img23980.jpg,0.125507,no,no
,images/img24000.jpg,0.237514,no,no
,images/img24020.jpg,0.128029,no,no
,images/img24040.jpg,0.061321,no,no
,images/img24060.jpg,0.346464,no,no
,images/img24080.jpg,0.678070,no,no
,images/img24100.jpg,0.718024,yes,yes
,images/img24120.jpg,0.113281,no,no
,images/img24140.jpg,0.101220,no,no
,images/img24160.jpg,0.361431,no,no
,images/img24180.jpg,0.162829,no,no
,images/img24200.jpg,0.177618,no,no
,images/img24220.jpg,0.087130,no,no
,images/img24240.jpg,0.082182,no,no
,images/img24260.jpg,0.093887,no,no
,images/img24280.jpg,0.050439,no,no
,images/img24300.jpg,0.092037,no,no
,images/img24320.jpg,0.115570,no,no
,images/img24340.jpg,0.074548,no,no
,images/img24360.jpg,0.062993,no,no
,images/img24380.jpg,0.027933,no,no
,images/img24400.jpg,0.015502,no,no
,images/img24420.jpg,0.061609,no,no
,images/img24440.jpg,0.216859,no,no
,images/img24460.jpg,0.140310,no,no
,images/img24480.jpg,0.062459,no,no
,images/img24500.jpg,0.122218,no,no
,images/img24520.jpg,0.264857,no,no
,images/img24540.jpg,0.170984,no,no
,images/img24560.jpg,0.100850,no,no
,images/img24580.jpg,0.066982,no,no
,images/img24600.jpg,0.040927,no,no
,images/img24620.jpg,0.020984,no,no
,images/img24640.jpg,0.470038,no,no
,images/img24660.jpg,0.454084,no,no
,images/img24680.jpg,0.242763,no,no
,images/img24700.jpg,0.300096,no,no
,images/img24720.jpg,0.205894,no,no
,images/img24740.jpg,0.199726,no,no
,images/img24760.jpg,0.150713,no,no
,images/img24780.jpg,0.039789,no,no
,images/img24800.jpg,0.017818,no,no
,images/img24820.jpg,0.028742,no,no
,images/img24840.jpg,0.032018,no,no
,images/img24860.jpg,0.015584,no,no
,images/img24880.jpg,0.016228,no,no
,images/img24900.jpg,0.077590,no,no
,images/img24920.jpg,0.000493,no,no
,images/img24940.jpg,0.009252,no,no
,images/img24960.jpg,0.144764,no,no
,images/img24980.jpg,0.103331,no,no
,images/img25000.jpg,0.296066,no,no
,images/img25020.jpg,0.919572,yes,yes
,images/img25040.jpg,0.112884,no,no
,images/img25060.jpg,0.069627,no,no
,images/img25080.jpg,0.261650,no,no
,images/img25100.jpg,0.411609,no,no
,images/img25120.jpg,0.519778,no,no
,images/img25140.jpg,0.246450,no,no
,images/img25160.jpg,0.020134,no,no
,images/img25180.jpg,0.050987,no,no
,images/img25200.jpg,0.096436,no,no
,images/img25220.jpg,0.196327,no,no
,images/img25240.jpg,0.190077,no,no
,images/img25260.jpg,0.159608,no,no
,images/img25280.jpg,0.141530,no,no
,images/img25300.jpg,0.063089,no,no
,images/img25320.jpg,0.025781,no,no
,images/img25340.jpg,0.623958,no,no
,images/img25360.jpg,0.029290,no,no
,images/img25380.jpg,0.032552,no,no
,images/img25400.jpg,0.017297,no,no
,images/img25420.jpg,0.066557,no,no
,images/img25440.jpg,0.104934,no,no
,images/img25460.jpg,0.133265,no,no
,images/img25480.jpg,0.060513,no,no
,images/img25500.jpg,0.113898,no,no
,images/img25520.jpg,0.038734,no,no
,images/img25540.jpg,0.049315,no,no
,images/img25560.jpg,0.035184,no,no
,images/img25580.jpg,0.031908,no,no
,images/img25600.jpg,0.029550,no,no
,images/img25620.jpg,0.071998,no,no
,images/img25640.jpg,0.103618,no,no
,images/img25660.jpg,0.089542,no,no
,images/img25680.jpg,0.096532,no,no
,images/img25700.jpg,0.102906,no,no
,images/img25720.jpg,0.090872,no,no
,images/img25740.jpg,0.069778,no,no
,images/img25760.jpg,0.076439,no,no
,images/img25780.jpg,0.065762,no,no
,images/img25800.jpg,0.059224,no,no
,images/img25820.jpg,0.057634,no,no
,images/img25840.jpg,0.087788,no,no
,images/img25860.jpg,0.134539,no,no
,images/img25880.jpg,0.091420,no,no
,images/img25900.jpg,0.090200,no,no
,images/img25920.jpg,0.091475,no,no
,images/img25940.jpg,0.032758,no,no
,images/img25960.jpg,0.037281,no,no
,images/img25980.jpg,0.047917,no,no
,images/img26000.jpg,0.030606,no,no
,images/img26020.jpg,0.669668,no,no
,images/img26040.jpg,0.302590,no,no
,images/img26060.jpg,0.181552,no,no
,images/img26080.jpg,0.094285,no,no
,images/img26100.jpg,0.091571,no,no
,images/img26120.jpg,0.098218,no,no
,images/img26140.jpg,0.072492,no,no
,images/img26160.jpg,0.103125,no,no
,images/img26180.jpg,0.138610,no,no
,images/img26200.jpg,0.062294,no,no
,images/img26220.jpg,0.086404,no,no
,images/img26240.jpg,0.050397,no,no
,images/img26260.jpg,0.023794,no,no
,images/img26280.jpg,0.035362,no,no
,images/img26300.jpg,0.745847,yes,yes
,images/img26320.jpg,0.718298,yes,yes
,images/img26340.jpg,0.543928,no,no
,images/img26360.jpg,0.736458,yes,yes
,images/img26380.jpg,0.671066,no,no
,images/img26400.jpg,0.575370,no,no
,images/img26420.jpg,0.540995,no,no
,images/img26440.jpg,0.603015,no,no
,images/img26460.jpg,0.686541,no,no
,images/img26480.jpg,0.720025,yes,yes
,images/img26500.jpg,0.620121,no,no
,images/img26520.jpg,0.645217,no,no
,images/img26540.jpg,0.189323,no,no
,images/img26560.jpg,0.041680,no,no
,images/img26580.jpg,0.250151,no,no
,images/img26600.jpg,0.161513,no,no
,images/img26620.jpg,0.809526,yes,yes
,images/img26640.jpg,0.160458,no,no
,images/img26660.jpg,0.040310,no,no
,images/img26680.jpg,0.012706,no,no
,images/img26700.jpg,0.014940,no,no
,images/img26720.jpg,0.024520,no,no
,images/img26740.jpg,0.008457,no,no
,images/img26760.jpg,0.008936,no,no
,images/img26780.jpg,0.008786,no,no
,images/img26800.jpg,0.014008,no,no
,images/img26820.jpg,0.015899,no,no
,images/img26840.jpg,0.027851,no,no
,images/img26860.jpg,0.023067,no,no
,images/img26880.jpg,0.014652,no,no
,images/img26900.jpg,0.010143,no,no
,images/img26920.jpg,0.009964,no,no
,images/img26940.jpg,0.014912,no,no
,images/img26960.jpg,0.807744,yes,yes
,images/img26980.jpg,0.508279,no,no
,images/img27000.jpg,0.340378,no,no
,images/img27020.jpg,0.294367,no,no
,images/img27040.jpg,0.256606,no,no
,images/img27060.jpg,0.488747,no,no
,images/img27080.jpg,0.473410,no,no
,images/img27100.jpg,0.195943,no,no
,images/img27120.jpg,0.049095,no,no
,images/img27140.jpg,0.016996,no,no
,images/img27160.jpg,0.031634,no,no
,images/img27180.jpg,0.034594,no,no
,images/img27200.jpg,0.034759,no,no
,images/img27220.jpg,0.023287,no,no
,images/img27240.jpg,0.024068,no,no
,images/img27260.jpg,0.641269,no,no
,images/img27280.jpg,0.458374,no,no
,images/img27300.jpg,0.566009,no,no
,images/img27320.jpg,0.463898,no,no
,images/img27340.jpg,0.505661,no,no
,images/img27360.jpg,0.531373,no,no
,images/img27380.jpg,0.458854,no,no
,images/img27400.jpg,0.457525,no,no
,images/img27420.jpg,0.007538,no,no
,images/img27440.jpg,0.000206,no,no
,images/img27460.jpg,0.073506,no,no
,images/img27480.jpg,0.053755,no,no
,images/img27500.jpg,0.043887,no,no
,images/img27520.jpg,0.024685,no,no
,images/img27540.jpg,0.014830,no,no
,images/img27560.jpg,0.035156,no,no
,images/img27580.jpg,0.027166,no,no
,images/img27600.jpg,0.017462,no,no
,images/img27620.jpg,0.047862,no,no
,images/img27640.jpg,0.012706,no,no
,images/img27660.jpg,0.013158,no,no
,images/img27680.jpg,0.023876,no,no
,images/img27700.jpg,0.046738,no,no
,images/img27720.jpg,0.040831,no,no
,images/img27740.jpg,0.034156,no,no
,images/img27760.jpg,0.043517,no,no
,images/img27780.jpg,0.060937,no,no
,images/img27800.jpg,0.037870,no,no
,images/img27820.jpg,0.033717,no,no
,images/img27840.jpg,0.032333,no,no
,images/img27860.jpg,0.021820,no,no
,images/img27880.jpg,0.029496,no,no
,images/img27900.jpg,0.028660,no,no
,images/img27920.jpg,0.043435,no,no
,images/img27940.jpg,0.037692,no,no
,images/img27960.jpg,0.036033,no,no
,images/img27980.jpg,0.038309,no,no
,images/img28000.jpg,0.033155,no,no
,images/img28020.jpg,0.033032,no,no
,images/img28040.jpg,0.022889,no,no
,images/img28060.jpg,0.017585,no,no
,images/img28080.jpg,0.019010,no,no
,images/img28100.jpg,0.021902,no,no
,images/img28120.jpg,0.032538,no,no
,images/img28140.jpg,0.028152,no,no
,images/img28160.jpg,0.030482,no,no
,images/img28180.jpg,0.036705,no,no
,images/img28200.jpg,0.028262,no,no
,images/img28220.jpg,0.286280,no,no
,images/img28240.jpg,0.189611,no,no
,images/img28260.jpg,0.305880,no,no
,images/img28280.jpg,0.187514,no,no
,images/img28300.jpg,0.154235,no,no
,images/img28320.jpg,0.035896,no,no
,images/img28340.jpg,0.032785,no,no
,images/img28360.jpg,0.403139,no,no
,images/img28380.jpg,0.820477,yes,yes
,images/img28400.jpg,0.034005,no,no
,images/img28420.jpg,0.027234,no,no
,images/img28440.jpg,0.031798,no,no
,images/img28460.jpg,0.034471,no,no
,images/img28480.jpg,0.047122,no,no
,images/img28500.jpg,0.023890,no,no
,images/img28520.jpg,0.013076,no,no
,images/img28540.jpg,0.036952,no,no
,images/img28560.jpg,0.054304,no,no
,images/img28580.jpg,0.038268,no,no
,images/img28600.jpg,0.028139,no,no
,images/img28620.jpg,0.031332,no,no
,images/img28640.jpg,0.072560,no,no
,images/img28660.jpg,0.046409,no,no
,images/img28680.jpg,0.035773,no,no
,images/img28700.jpg,0.036445,no,no
,images/img28720.jpg,0.043380,no,no
,images/img28740.jpg,0.036815,no,no
,images/img28760.jpg,0.024370,no,no
,images/img28780.jpg,0.027700,no,no
,images/img28800.jpg,0.038377,no,no
,images/img28820.jpg,0.033128,no,no
,images/img28840.jpg,0.033854,no,no
,images/img28860.jpg,0.013775,no,no
,images/img28880.jpg,0.035211,no,no
,images/img28900.jpg,0.028385,no,no
,images/img28920.jpg,0.041708,no,no
,images/img28940.jpg,0.101796,no,no
,images/img28960.jpg,0.067448,no,no
,images/img28980.jpg,0.019093,no,no
,images/img29000.jpg,0.029427,no,no
,images/img29020.jpg,0.068353,no,no
,images/img29040.jpg,0.072190,no,no
,images/img29060.jpg,0.055277,no,no
,images/img29080.jpg,0.025768,no,no
,images/img29100.jpg,0.038295,no,no
,images/img29120.jpg,0.039117,no,no
,images/img29140.jpg,0.043805,no,no
,images/img29160.jpg,0.742544,yes,yes
,images/img29180.jpg,0.648575,no,no
,images/img29200.jpg,0.696861,no,no
,images/img29220.jpg,0.748945,yes,yes
,images/img29240.jpg,0.474041,no,no
,images/img29260.jpg,0.569175,no,no
,images/img29280.jpg,0.430592,no,no
,images/img29300.jpg,0.548232,no,no
,images/img29320.jpg,0.400466,no,no
,images/img29340.jpg,0.568339,no,no
,images/img29360.jpg,0.414803,no,no
,images/img29380.jpg,0.439350,no,no
,images/img29400.jpg,0.684306,no,no
,images/img29420.jpg,0.642421,no,no
,images/img29440.jpg,0.655455,no,no
,images/img29460.jpg,0.032497,no,no
,images/img29480.jpg,0.025206,no,no
,images/img29500.jpg,0.139995,no,no
,images/img29520.jpg,0.051713,no,no
,images/img29540.jpg,0.254496,no,no
,images/img29560.jpg,0.790488,yes,yes
,images/img29580.jpg,0.029413,no,no
,images/img29600.jpg,0.781867,yes,yes
,images/img29620.jpg,0.685417,no,no
,images/img29640.jpg,0.673287,no,no
,images/img29660.jpg,0.020683,no,no
,images/img29680.jpg,0.040981,no,no
,images/img29700.jpg,0.049740,no,no
,images/img29720.jpg,0.056812,no,no
,images/img29740.jpg,0.055058,no,no
,images/img29760.jpg,0.019613,no,no
,images/img29780.jpg,0.022423,no,no
,images/img29800.jpg,0.021107,no,no
,images/img29820.jpg,0.035855,no,no
,images/img29840.jpg,0.038459,no,no
,images/img29860.jpg,0.049904,no,no
,images/img29880.jpg,0.034019,no,no
,images/img29900.jpg,0.042599,no,no
,images/img29920.jpg,0.018846,no,no
,images/img29940.jpg,0.015063,no,no
,images/img29960.jpg,0.056689,no,no
,images/img29980.jpg,0.036801,no,no
,images/img30000.jpg,0.047862,no,no
,images/img30020.jpg,0.065940,no,no
,images/img30040.jpg,0.065995,no,no
,images/img30060.jpg,0.042448,no,no
,images/img30080.jpg,0.010170,no,no
,images/img30100.jpg,0.004701,no,no
,images/img30120.jpg,0.039460,no,no
,images/img30140.jpg,0.748369,yes,yes
,images/img30160.jpg,0.088706,no,no
,images/img30180.jpg,0.090474,no,no
,images/img30200.jpg,0.063021,no,no
,images/img30220.jpg,0.096944,no,no
,images/img30240.jpg,0.086308,no,no
,images/img30260.jpg,0.072053,no,no
,images/img30280.jpg,0.102673,no,no
,images/img30300.jpg,0.054084,no,no
,images/img30320.jpg,0.014391,no,no
,images/img30340.jpg,0.724863,yes,yes
,images/img30360.jpg,0.797670,yes,yes
,images/img30380.jpg,0.103413,no,no
,images/img30400.jpg,0.063076,no,no
,images/img30420.jpg,0.122876,no,no
,images/img30440.jpg,0.044997,no,no
,images/img30460.jpg,0.043215,no,no
,images/img30480.jpg,0.037390,no,no
,images/img30500.jpg,0.066817,no,no
,images/img30520.jpg,0.107593,no,no
,images/img30540.jpg,0.096107,no,no
,images/img30560.jpg,0.064857,no,no
,images/img30580.jpg,0.028509,no,no
,images/img30600.jpg,0.049863,no,no
,images/img30620.jpg,0.078701,no,no
,images/img30640.jpg,0.051700,no,no
,images/img30660.jpg,0.030071,no,no
,images/img30680.jpg,0.038761,no,no
,images/img30700.jpg,0.045477,no,no
,images/img30720.jpg,0.026494,no,no
,images/img30740.jpg,0.025206,no,no
,images/img30760.jpg,0.023547,no,no
,images/img30780.jpg,0.021861,no,no
,images/img30800.jpg,0.033361,no,no
,images/img30820.jpg,0.059910,no,no
,images/img30840.jpg,0.081867,no,no
,images/img30860.jpg,0.096203,no,no
,images/img30880.jpg,0.131826,no,no
,images/img30900.jpg,0.055414,no,no
,images/img30920.jpg,0.069709,no,no
,images/img30940.jpg,0.053851,no,no
,images/img30960.jpg,0.035129,no,no
,images/img30980.jpg,0.030195,no,no
,images/img31000.jpg,0.072492,no,no
,images/img31020.jpg,0.057100,no,no
,images/img31040.jpg,0.059622,no,no
,images/img31060.jpg,0.065351,no,no
,images/img31080.jpg,0.421313,no,no
,images/img31100.jpg,0.074356,no,no
,images/img31120.jpg,0.060581,no,no
,images/img31140.jpg,0.068668,no,no
,images/img31160.jpg,0.091996,no,no
,images/img31180.jpg,0.058429,no,no
,images/img31200.jpg,0.108279,no,no
,images/img31220.jpg,0.058950,no,no
,images/img31240.jpg,0.083347,no,no
,images/img31260.jpg,0.106661,no,no
,images/img31280.jpg,0.077947,no,no
,images/img31300.jpg,0.094696,no,no
,images/img31320.jpg,0.047012,no,no
,images/img31340.jpg,0.003317,no,no
,images/img31360.jpg,0.001919,no,no
,images/img31380.jpg,0.182059,no,no
,images/img31400.jpg,0.349095,no,no
,images/img31420.jpg,0.110184,no,no
,images/img31440.jpg,0.066968,no,no
,images/img31460.jpg,0.096615,no,no
,images/img31480.jpg,0.070929,no,no
,images/img31500.jpg,0.044189,no,no
,images/img31520.jpg,0.033895,no,no
,images/img31540.jpg,0.032319,no,no
,images/img31560.jpg,0.032881,no,no
,images/img31580.jpg,0.029852,no,no
,images/img31600.jpg,0.035115,no,no
,images/img31620.jpg,0.026754,no,no
,images/img31640.jpg,0.148972,no,no
,images/img31660.jpg,0.048054,no,no
,images/img31680.jpg,0.034444,no,no
,images/img31700.jpg,0.043586,no,no
,images/img31720.jpg,0.052810,no,no
,images/img31740.jpg,0.828838,yes,yes
,images/img31760.jpg,0.358649,no,no
,images/img31780.jpg,0.059444,no,no
,images/img31800.jpg,0.092503,no,no
,images/img31820.jpg,0.062061,no,no
,images/img31840.jpg,0.112569,no,no
,images/img31860.jpg,0.107319,no,no
,images/img31880.jpg,0.106209,no,no
,images/img31900.jpg,0.046450,no,no
,images/img31920.jpg,0.077522,no,no
,images/img31940.jpg,0.035814,no,no
,images/img31960.jpg,0.076521,no,no
,images/img31980.jpg,0.051590,no,no
,images/img32000.jpg,0.090008,no,no
,images/img32020.jpg,0.062103,no,no
,images/img32040.jpg,0.044367,no,no
,images/img32060.jpg,0.052837,no,no
,images/img32080.jpg,0.072410,no,no
,images/img32100.jpg,0.063912,no,no
,images/img32120.jpg,0.031880,no,no
,images/img32140.jpg,0.054948,no,no
,images/img32160.jpg,0.300781,no,no
,images/img32180.jpg,0.342640,no,no
,images/img32200.jpg,0.268120,no,no
,images/img32220.jpg,0.488172,no,no
,images/img32240.jpg,0.494422,no,no
,images/img32260.jpg,0.447259,no,no
,images/img32280.jpg,0.454660,no,no
,images/img32300.jpg,0.047574,no,no
,images/img32320.jpg,0.045998,no,no
,images/img32340.jpg,0.121231,no,no
,images/img32360.jpg,0.283073,no,no
,images/img32380.jpg,0.111417,no,no
,images/img32400.jpg,0.099945,no,no
,images/img32420.jpg,0.068572,no,no
,images/img32440.jpg,0.071491,no,no
,images/img32460.jpg,0.741036,yes,yes
,images/img32480.jpg,0.111609,no,no
,images/img32500.jpg,0.353029,no,no
,images/img32520.jpg,0.436404,no,no
,images/img32540.jpg,0.199603,no,no
,images/img32560.jpg,0.066872,no,no
,images/img32580.jpg,0.057813,no,no
,images/img32600.jpg,0.447903,no,no
,images/img32620.jpg,0.572793,no,no
,images/img32640.jpg,0.455345,no,no
,images/img32660.jpg,0.402823,no,no
,images/img32680.jpg,0.173616,no,no
,images/img32700.jpg,0.216077,no,no
,images/img32720.jpg,0.087569,no,no
,images/img32740.jpg,0.625274,no,no
,images/img32760.jpg,0.073739,no,no
,images/img32780.jpg,0.000630,no,no
,images/img32800.jpg,0.000411,no,no
,images/img32820.jpg,0.235773,no,no
,images/img32840.jpg,0.093654,no,no
,images/img32860.jpg,0.189200,no,no
,images/img32880.jpg,0.060787,no,no
,images/img32900.jpg,0.099287,no,no
,images/img32920.jpg,0.084539,no,no
,images/img32940.jpg,0.075644,no,no
,images/img32960.jpg,0.175206,no,no
,images/img32980.jpg,0.112760,no,no
,images/img33000.jpg,0.110937,no,no
,images/img33020.jpg,0.073342,no,no
,images/img33040.jpg,0.041434,no,no
,images/img33060.jpg,0.265008,no,no
,images/img33080.jpg,0.821752,yes,yes
,images/img33100.jpg,0.121505,no,no
,images/img33120.jpg,0.296176,no,no
,images/img33140.jpg,0.110787,no,no
,images/img33160.jpg,0.072766,no,no
,images/img33180.jpg,0.088281,no,no
,images/img33200.jpg,0.109457,no,no
,images/img33220.jpg,0.027536,no,no
,images/img33240.jpg,0.034677,no,no
,images/img33260.jpg,0.032415,no,no
,images/img33280.jpg,0.036225,no,no
,images/img33300.jpg,0.048218,no,no
,images/img33320.jpg,0.073890,no,no
,images/img33340.jpg,0.208141,no,no
,images/img33360.jpg,0.065378,no,no
,images/img33380.jpg,0.141201,no,no
,images/img33400.jpg,0.486061,no,no
,images/img33420.jpg,0.455359,no,no
,images/img33440.jpg,0.468161,no,no
,images/img33460.jpg,0.527111,no,no
,images/img33480.jpg,0.512993,no,no
,images/img33500.jpg,0.496231,no,no
,images/img33520.jpg,0.426357,no,no
,images/img33540.jpg,0.112541,no,no
,images/img33560.jpg,0.036280,no,no
,images/img33580.jpg,0.191379,no,no
,images/img33600.jpg,0.020669,no,no
,images/img33620.jpg,0.147944,no,no
,images/img33640.jpg,0.821601,yes,yes
,images/img33660.jpg,0.002303,no,no
,images/img33680.jpg,0.759032,yes,yes
,images/img33700.jpg,0.030702,no,no
,images/img33720.jpg,0.027947,no,no
,images/img33740.jpg,0.296162,no,no
,images/img33760.jpg,0.234279,no,no
,images/img33780.jpg,0.182209,no,no
,images/img33800.jpg,0.187390,no,no
,images/img33820.jpg,0.238213,no,no
,images/img33840.jpg,0.361705,no,no
,images/img33860.jpg,0.221121,no,no
,images/img33880.jpg,0.255249,no,no
,images/img33900.jpg,0.126864,no,no
,images/img33920.jpg,0.228221,no,no
,images/img33940.jpg,0.032881,no,no
,images/img33960.jpg,0.281195,no,no
,images/img33980.jpg,0.113418,no,no
,images/img34000.jpg,0.196423,no,no
,images/img34020.jpg,0.191694,no,no
,images/img34040.jpg,0.016968,no,no
,images/img34060.jpg,0.019161,no,no
,images/img34080.jpg,0.012993,no,no
,images/img34100.jpg,0.024123,no,no
,images/img34120.jpg,0.397930,no,no
,images/img34140.jpg,0.378810,no,no
,images/img34160.jpg,0.378180,no,no
,images/img34180.jpg,0.344682,no,no
,images/img34200.jpg,0.334951,no,no
,images/img34220.jpg,0.367818,no,no
,images/img34240.jpg,0.365515,no,no
,images/img34260.jpg,0.380551,no,no
,images/img34280.jpg,0.359457,no,no
,images/img34300.jpg,0.077714,no,no
,images/img34320.jpg,0.078934,no,no
,images/img34340.jpg,0.083813,no,no
,images/img34360.jpg,0.074726,no,no
,images/img34380.jpg,0.069449,no,no
,images/img34400.jpg,0.060033,no,no
,images/img34420.jpg,0.056497,no,no
,images/img34440.jpg,0.102563,no,no
,images/img34460.jpg,0.005757,no,no
,images/img34480.jpg,0.011129,no,no
,images/img34500.jpg,0.031798,no,no
,images/img34520.jpg,0.031743,no,no
,images/img34540.jpg,0.035896,no,no
,images/img34560.jpg,0.016927,no,no
,images/img34580.jpg,0.088089,no,no
,images/img34600.jpg,0.008580,no,no
,images/img34620.jpg,0.032963,no,no
,images/img34640.jpg,0.020175,no,no
,images/img34660.jpg,0.091475,no,no
,images/img34680.jpg,0.072917,no,no
,images/img34700.jpg,0.099411,no,no
,images/img34720.jpg,0.065748,no,no
,images/img34740.jpg,0.077015,no,no
,images/img34760.jpg,0.105263,no,no
,images/img34780.jpg,0.114117,no,no
,images/img34800.jpg,0.512144,no,no
,images/img34820.jpg,0.114679,no,no
,images/img34840.jpg,0.426891,no,no
,images/img34860.jpg,0.498314,no,no
,images/img34880.jpg,0.441886,no,no
,images/img34900.jpg,0.483690,no,no
,images/img34920.jpg,0.480510,no,no
,images/img34940.jpg,0.035184,no,no
,images/img34960.jpg,0.014309,no,no
,images/img34980.jpg,0.013734,no,no
,images/img35000.jpg,0.017544,no,no
,images/img35020.jpg,0.011705,no,no
,images/img35040.jpg,0.013816,no,no
,images/img35060.jpg,0.015968,no,no
,images/img35080.jpg,0.025905,no,no
,images/img35100.jpg,0.039953,no,no
,images/img35120.jpg,0.035444,no,no
,images/img35140.jpg,0.019106,no,no
,images/img35160.jpg,0.041022,no,no
,images/img35180.jpg,0.019065,no,no
,images/img35200.jpg,0.029153,no,no
,images/img35220.jpg,0.056552,no,no
,images/img35240.jpg,0.034827,no,no
,images/img35260.jpg,0.032607,no,no
,images/img35280.jpg,0.018188,no,no
,images/img35300.jpg,0.055195,no,no
,images/img35320.jpg,0.019819,no,no
,images/img35340.jpg,0.056826,no,no
,images/img35360.jpg,0.002453,no,no
,images/img35380.jpg,0.003481,no,no
,images/img35400.jpg,0.015132,no,no
,images/img35420.jpg,0.013268,no,no
,images/img35440.jpg,0.018380,no,no
,images/img35460.jpg,0.001946,no,no
,images/img35480.jpg,0.000260,no,no
,images/img35500.jpg,0.022094,no,no
,images/img35520.jpg,0.041461,no,no
,images/img35540.jpg,0.009389,no,no
,images/img35560.jpg,0.339337,no,no
,images/img35580.jpg,0.512582,no,no
,images/img35600.jpg,0.038062,no,no
,images/img35620.jpg,0.023725,no,no
,images/img35640.jpg,0.808457,yes,yes
,images/img35660.jpg,0.729235,yes,yes
,images/img35680.jpg,0.742201,yes,yes
,images/img35700.jpg,0.018407,no,no
,images/img35720.jpg,0.015789,no,no
,images/img35740.jpg,0.021478,no,no
,images/img35760.jpg,0.019723,no,no
,images/img35780.jpg,0.027029,no,no
,images/img35800.jpg,0.214350,no,no
,images/img35820.jpg,0.242119,no,no
,images/img35840.jpg,0.052837,no,no
,images/img35860.jpg,0.058594,no,no
,images/img35880.jpg,0.073999,no,no
,images/img35900.jpg,0.087486,no,no
,images/img35920.jpg,0.095737,no,no
,images/img35940.jpg,0.110622,no,no
,images/img35960.jpg,0.181181,no,no
,images/img35980.jpg,0.206469,no,no
,images/img36000.jpg,0.236047,no,no
,images/img36020.jpg,0.267366,no,no
,images/img36040.jpg,0.260444,no,no
,images/img36060.jpg,0.194518,no,no
,images/img36080.jpg,0.149013,no,no
,images/img36100.jpg,0.104084,no,no
,images/img36120.jpg,0.670888,no,no
,images/img36140.jpg,0.663473,no,no
,images/img36160.jpg,0.008333,no,no
,images/img36180.jpg,0.008320,no,no
,images/img36200.jpg,0.010033,no,no
,images/img36220.jpg,0.192448,no,no
,images/img36240.jpg,0.105537,no,no
,images/img36260.jpg,0.385965,no,no
,images/img36280.jpg,0.715995,yes,yes
,images/img36300.jpg,0.827124,yes,yes
,images/img36320.jpg,0.456908,no,no
,images/img36340.jpg,0.131976,no,no
,images/img36360.jpg,0.137541,no,no
,images/img36380.jpg,0.144518,no,no
,images/img36400.jpg,0.161993,no,no
,images/img36420.jpg,0.052769,no,no
,images/img36440.jpg,0.075411,no,no
,images/img36460.jpg,0.287390,no,no
,images/img36480.jpg,0.083991,no,no
,images/img36500.jpg,0.144764,no,no
,images/img36520.jpg,0.302152,no,no
,images/img36540.jpg,0.198026,no,no
,images/img36560.jpg,0.375192,no,no
,images/img36580.jpg,0.350822,no,no
,images/img36600.jpg,0.522081,no,no
,images/img36620.jpg,0.400137,no,no
,images/img36640.jpg,0.305565,no,no
,images/img36660.jpg,0.216160,no,no
,images/img36680.jpg,0.016105,no,no
,images/img36700.jpg,0.054043,no,no
,images/img36720.jpg,0.032305,no,no
,images/img36740.jpg,0.018654,no,no
,images/img36760.jpg,0.038350,no,no
,images/img36780.jpg,0.034169,no,no
,images/img36800.jpg,0.035047,no,no
,images/img36820.jpg,0.023314,no,no
,images/img36840.jpg,0.012802,no,no
,images/img36860.jpg,0.026933,no,no
,images/img36880.jpg,0.022889,no,no
,images/img36900.jpg,0.055428,no,no
,images/img36920.jpg,0.032908,no,no
,images/img36940.jpg,0.012569,no,no
,images/img36960.jpg,0.042160,no,no
,images/img36980.jpg,0.040502,no,no
,images/img37000.jpg,0.043805,no,no
,images/img37020.jpg,0.131291,no,no
,images/img37040.jpg,0.240022,no,no
,images/img37060.jpg,0.147355,no,no
,images/img37080.jpg,0.343572,no,no
,images/img37100.jpg,0.350027,no,no
